article_id,tag
0,Bitcoin Scams
0,John McAfee
0,Tradings
0,Cryptocurrency Exchange
0,Hackers
1,Bitcoin News
1,USA
1,Arizona
1,Taxes
1,Payments
2,Blockchain News
2,JPMorgan
2,Cryptocurrencies
2,Banks
2,Decentralization
3,Blockchain News
3,Tezos
3,ICO
3,SEC
3,Investments
4,Bitcoin Scams
4,Cryptocurrency Exchange
4,Hackers
5,Bitcoin News
5,Federal Reserve
5,Banks
5,Cryptocurrencies
6,Bitcoin News
6,Taxes
6,Puerto Rico
6,USA
0,Bitcoin Scams
0,John McAfee
0,Tradings
0,Cryptocurrency Exchange
0,Hackers
1,Bitcoin News
1,USA
1,Arizona
1,Taxes
1,Payments
2,Blockchain News
2,JPMorgan
2,Cryptocurrencies
2,Banks
2,Decentralization
3,Blockchain News
3,Tezos
3,ICO
3,SEC
3,Investments
4,Bitcoin Scams
4,Cryptocurrency Exchange
4,Hackers
5,Bitcoin News
5,Federal Reserve
5,Banks
5,Cryptocurrencies
6,Bitcoin News
6,Taxes
6,Puerto Rico
6,USA
7,Bitcoin News
7,Darknet
7,Economy
7,Litecoin
7,Dash
7,Tuur Demeester
7,Payments
7,Silk Road
8,Bitcoin News
8,Bitcoin Price
8,Ethereum Price
8,Bitcoin Cash
8,Ripple
8,Stellar
8,Litecoin
8,Cardano
8,NEO
8,EOS
8,Price Analysis
9,Bitcoin News
9,Japan
9,Cryptocurrencies
9,Markets
9,Tradings
9,Taxes
9,Government
10,Bitcoin News
10,Bitcoin Exchanges
10,Mining
10,Cryptocurrencies
10,Bitcoin Cash
11,Blockchain News
11,ICO
11,Hong Kong
11,Bitfinex
11,Markets
12,Bitcoin News
12,ICO
12,SEC
12,CFTC
12,Cryptocurrencies
13,Bitcoin News
13,Russia
13,Bitcoin Mining
13,Supercomputer
13,Kazakhstan
14,Bitcoin Regulation
14,IRS
14,Taxes
14,Cryptocurrencies
14,Government
14,Coinbase
14,Transactions
15,Bitcoin News
15,Italy
15,Cryptocurrencies
15,Media
15,Cointelegraph
16,Bitcoin News
16,Cybercrime
16,Russia
16,Police
16,Fraud
17,Blockchain News
17,Taxes
17,Netherlands
18,Blockchain News
18,Japan
18,Social Media
18,ICO
19,Bitcoin News
19,Binance
19,Bitcoin Exchanges
19,Tradings
20,Ethereum News
20,Wallet
20,Cryptocurrencies
20,Transactions
21,Bitcoin News
21,Markets
21,CoinMarketCap
21,SEC
21,Ripple
22,Blockchain News
22,Smart Contracts
22,IOTA
22,EOS
22,Tokens
22,USA
22,Singapore
22,Switzerland
23,Blockchain News
23,Cryptocurrency Exchange
23,Cryptocurrencies
23,Tradings
23,CoinMarketCap
23,John McAfee
24,Altcoin News
24,Venezuela
24,Cryptocurrencies
24,ICO
24,Petro
24,Maduro
25,Bitcoin News
25,SEC
25,CFTC
25,Cryptocurrencies
25,Tradings
25,CoinMarketCap
26,Bitcoin News
26,New York
26,Cryptocurrencies
26,Finance
26,Coinbase
26,Bitcoin Futures
26,Wall Street
27,Bitcoin News
27,Bitcoin Price
27,Predictions
27,Mainstream
27,Media
27,Winklevoss Twins
27,CNBC
27,World Economic Forum
27,Davos
27,JPMorgan
28,Bitcoin News
28,Tradings
28,Applications
28,ICO
29,Bitcoin News
29,Donald Trump
29,Cryptocurrencies
29,ICO
30,Bitcoin Regulation
30,ECB
30,Cryptocurrencies
30,Markets
30,Bloomberg
30,Credit Cards
30,Argentina
30,Ponzi Scheme
30,CNBC
31,Blockchain News
31,Germany
31,Switzerland
31,Decentralization
32,Bitcoin News
32,Cryptocurrency Exchange
32,Cryptocurrencies
32,Tradings
32,CoinMarketCap
33,Blockchain News
33,Travel
33,BlockShow Asia 2017
33,TravelChain
34,Bitcoin Regulation
34,India
34,Taxes
34,Bitcoin Exchanges
34,Mainstream
34,Media
35,Ethereum News
35,Wall Street
35,Smart Contracts
35,Bonds
35,Banks
36,Altcoin News
36,Bitcoin Price
36,Ethereum Price
36,Bitcoin Cash
36,Ripple
36,Stellar
36,Litecoin
36,NEM
36,NEO
36,EOS
36,Price Analysis
37,Altcoin News
37,Security
37,Malware
37,Mining
37,China
37,South Korea
38,Blockchain News
38,Energy
38,P2P
38,Adoption
38,Cryptocurrencies
39,Bitcoin News
39,Stocks
39,Markets
39,Cryptocurrencies
40,Altcoin News
40,Ripple
40,China
40,Payments
41,Bitcoin News
41,Forbes
41,Cryptocurrencies
42,Bitcoin News
42,Bitcoin Price
43,Bitcoin Regulation
43,China
43,Cryptocurrency Exchange
43,ICO
44,Bitcoin Regulation
44,Central Bank
44,Europe
45,Bitcoin News
45,Bitcoin Price
45,Predictions
45,Cryptocurrencies
46,Blockchain News
46,3D Printer
46,Investments
46,Tokens
47,Bitcoin News
47,Bitcoin Price
47,Mainstream
47,Media
47,Markets
48,Bitcoin Regulation
48,South Korea
48,Cryptocurrency Exchange
48,Tradings
49,Bitcoin News
49,SEC
49,CFTC
49,Cryptocurrencies
49,Mining
